{
  "reference_end": "2025-01-01",
  "reference": {
    "rows": 2607,
    "p_model": {
      "mean": 0.5509125405543978,
      "std": 0.19035908568102197,
      "missing": 0
    },
    "p_line": {
      "mean": 0.5507837432185175,
      "std": 0.1680932846337341,
      "missing": 0
    },
    "edge": {
      "mean": 0.01918015265465371,
      "std": 0.03794704313519631,
      "missing": 0
    },
    "se": {
      "mean": 0.014333535212337057,
      "std": 0.006978726765890276,
      "missing": 0
    },
    "net_edge": {
      "mean": 0.004846617442316623,
      "std": 0.03541601155213452,
      "missing": 0
    },
    "stake": {
      "mean": 0.1683927886459532,
      "std": 0.4663907751176633,
      "missing": 0
    },
    "bet_rate": 0.12965093977752207
  },
  "recent": {
    "rows": 611,
    "p_model": {
      "mean": 0.5307832224071269,
      "std": 0.22419721470198561,
      "missing": 0
    },
    "p_line": {
      "mean": 0.5314364019121485,
      "std": 0.20190658430154343,
      "missing": 0
    },
    "edge": {
      "mean": 0.013720757215694275,
      "std": 0.03662465138890441,
      "missing": 0
    },
    "se": {
      "mean": 0.01179922907320387,
      "std": 0.005536630130502433,
      "missing": 0
    },
    "net_edge": {
      "mean": 0.0019215281424903722,
      "std": 0.034657327994463645,
      "missing": 0
    },
    "stake": {
      "mean": 0.14893617021276595,
      "std": 0.44214698719153384,
      "missing": 0
    },
    "bet_rate": 0.11456628477905073
  },
  "warnings": [],
  "recent_odds_sources": {
    "ufc-master": 611
  }
}