{
  "reference_end": "2025-01-01",
  "reference": {
    "rows": 2607,
    "p_model": {
      "mean": 0.5509125405543978,
      "std": 0.19035908568102197,
      "missing": 0
    },
    "p_line": {
      "mean": 0.5507837432185175,
      "std": 0.1680932846337341,
      "missing": 0
    },
    "edge": {
      "mean": 0.019180152654653712,
      "std": 0.03794704313519631,
      "missing": 0
    },
    "se": {
      "mean": 0.014229875706287256,
      "std": 0.006794886819194388,
      "missing": 0
    },
    "net_edge": {
      "mean": 0.004950276948366425,
      "std": 0.03553438623377612,
      "missing": 0
    },
    "stake": {
      "mean": 0.16724204065976217,
      "std": 0.46721533459512826,
      "missing": 0
    },
    "bet_rate": 0.1277330264672037
  },
  "recent": {
    "rows": 611,
    "p_model": {
      "mean": 0.5307832224071269,
      "std": 0.22419721470198561,
      "missing": 0
    },
    "p_line": {
      "mean": 0.5314364019121485,
      "std": 0.20190658430154343,
      "missing": 0
    },
    "edge": {
      "mean": 0.01372075721569428,
      "std": 0.03662465138890441,
      "missing": 0
    },
    "se": {
      "mean": 0.011700619159789946,
      "std": 0.0054991202644140745,
      "missing": 0
    },
    "net_edge": {
      "mean": 0.0020201380559042976,
      "std": 0.03467510979387023,
      "missing": 0
    },
    "stake": {
      "mean": 0.14729950900163666,
      "std": 0.4333537696529553,
      "missing": 0
    },
    "bet_rate": 0.11620294599018004
  },
  "warnings": [],
  "recent_odds_sources": {
    "ufc-master": 611
  }
}