{
  "reference_end": "2025-01-01",
  "reference": {
    "rows": 2607,
    "p_model": {
      "mean": 0.550581181524159,
      "std": 0.1905367218285401,
      "missing": 0
    },
    "p_line": {
      "mean": 0.5507837432185175,
      "std": 0.1680932846337341,
      "missing": 0
    },
    "edge": {
      "mean": 0.019600838533404014,
      "std": 0.038122951706635724,
      "missing": 0
    },
    "se": {
      "mean": 0.014249854171322343,
      "std": 0.006726306720369303,
      "missing": 0
    },
    "net_edge": {
      "mean": 0.0053509843620816455,
      "std": 0.03569596255967088,
      "missing": 0
    },
    "stake": {
      "mean": 0.11008822401227465,
      "std": 0.31299969160703317,
      "missing": 0
    },
    "bet_rate": 0.11008822401227465
  },
  "recent": {
    "rows": 611,
    "p_model": {
      "mean": 0.5300721440047766,
      "std": 0.22497886676159976,
      "missing": 0
    },
    "p_line": {
      "mean": 0.5314364019121485,
      "std": 0.20190658430154343,
      "missing": 0
    },
    "edge": {
      "mean": 0.014037404879208357,
      "std": 0.03675218979443709,
      "missing": 0
    },
    "se": {
      "mean": 0.011804098259331368,
      "std": 0.005446672066477596,
      "missing": 0
    },
    "net_edge": {
      "mean": 0.0022333066198769558,
      "std": 0.035028317103647504,
      "missing": 0
    },
    "stake": {
      "mean": 0.10310965630114566,
      "std": 0.30410204714635725,
      "missing": 0
    },
    "bet_rate": 0.10310965630114566
  },
  "warnings": [],
  "recent_odds_sources": {
    "ufc-master": 611
  }
}