{
  "created_at": "2026-07-22T01:48:19Z",
  "active_policy": "paper-flat-1u-day-cap2-v1",
  "active_status": "paper_only",
  "candidate_two_unit_threshold": 0.1,
  "candidate_status": "paper_only",
  "candidate_gate": {
    "production_candidate_bets_at_least_100": false,
    "entry_candidate_bets_at_least_100": false,
    "entry_candidate_clv_bets_at_least_100": false,
    "production_candidate_roi_ci_lower_positive": true,
    "entry_candidate_roi_ci_lower_positive": true,
    "production_candidate_policy_roi_ci_lower_positive": true,
    "entry_candidate_policy_roi_ci_lower_positive": false,
    "entry_candidate_clv_ci_lower_positive": true
  },
  "production": {
    "rows": 3218,
    "policies": {
      "active_flat_1u_day_cap2": {
        "bets": 350,
        "staked": 350.0,
        "pnl": 24.123014753283826,
        "roi": 0.06892289929509665,
        "roi_ci90_event_clustered": [
          -0.021930895056444622,
          0.16098551479034104
        ],
        "max_drawdown_units": 10.924374176548092
      },
      "legacy_2u_at_8_day_cap2": {
        "bets": 282,
        "staked": 380.0,
        "pnl": 40.3669472851586,
        "roi": 0.10622880864515422,
        "roi_ci90_event_clustered": [
          0.0033641900852783855,
          0.21099399186066448
        ],
        "max_drawdown_units": 12.64197104699361
      },
      "candidate_2u_at_10_day_cap2": {
        "bets": 304,
        "staked": 369.0,
        "pnl": 37.28468217772783,
        "roi": 0.10104249912663368,
        "roi_ci90_event_clustered": [
          0.00019184380836772595,
          0.2019416266616231
        ],
        "max_drawdown_units": 11.966757371779941
      }
    },
    "edge_buckets": {
      "4_to_6": {
        "bets": 188,
        "pnl": 7.3287429029913085,
        "roi": 0.03898267501591122,
        "roi_ci90_event_clustered": [
          -0.07157861333908105,
          0.15000334175217264
        ]
      },
      "6_to_8": {
        "bets": 108,
        "pnl": -11.972099673616942,
        "roi": -0.11085277475571242,
        "roi_ci90_event_clustered": [
          -0.2511672585483869,
          0.034750792745153004
        ]
      },
      "8_to_10": {
        "bets": 46,
        "pnl": -4.338110644692729,
        "roi": -0.09430675314549411,
        "roi_ci90_event_clustered": [
          -0.33990649778279136,
          0.1555893700376026
        ]
      },
      "10_plus": {
        "bets": 73,
        "pnl": 21.387129861532117,
        "roi": 0.29297438166482354,
        "roi_ci90_event_clustered": [
          0.10950340770560493,
          0.47278869212627816
        ]
      }
    }
  },
  "entry_price": {
    "rows": 1266,
    "policies": {
      "active_flat_1u_day_cap2": {
        "bets": 178,
        "staked": 178.0,
        "pnl": 7.034225734054628,
        "roi": 0.03951812210143049,
        "roi_ci90_event_clustered": [
          -0.05288438905801076,
          0.1313038224005191
        ],
        "max_drawdown_units": 9.501922549586038
      },
      "legacy_2u_at_8_day_cap2": {
        "bets": 146,
        "staked": 187.0,
        "pnl": 14.89327912305134,
        "roi": 0.0796432038665847,
        "roi_ci90_event_clustered": [
          -0.03927361893004215,
          0.19713896435159362
        ],
        "max_drawdown_units": 10.123134670798159
      },
      "candidate_2u_at_10_day_cap2": {
        "bets": 163,
        "staked": 182.0,
        "pnl": 19.205650846288346,
        "roi": 0.10552555410048542,
        "roi_ci90_event_clustered": [
          -0.004209371164984748,
          0.21307862133542566
        ],
        "max_drawdown_units": 8.501922549586038
      }
    },
    "edge_buckets": {
      "4_to_6": {
        "bets": 107,
        "pnl": 2.3484449517933896,
        "roi": 0.021948083661620463,
        "roi_ci90_event_clustered": [
          -0.09118361444274604,
          0.13507998091110635
        ],
        "clv_bets": 46,
        "mean_clv_prob_points": 0.7980715489591337,
        "mean_clv_prob_points_ci90_event_clustered": [
          0.10655391667556519,
          1.5179184359400621
        ]
      },
      "6_to_8": {
        "bets": 44,
        "pnl": -2.1727780108560806,
        "roi": -0.04938131842854729,
        "roi_ci90_event_clustered": [
          -0.23799794827584983,
          0.1376242604179677
        ],
        "clv_bets": 23,
        "mean_clv_prob_points": 0.08859234073317201,
        "mean_clv_prob_points_ci90_event_clustered": [
          -0.5696570002249669,
          0.7489260452454823
        ]
      },
      "8_to_10": {
        "bets": 29,
        "pnl": -5.945804321431493,
        "roi": -0.20502773522177561,
        "roi_ci90_event_clustered": [
          -0.43312725702726224,
          0.02475361277800681
        ],
        "clv_bets": 16,
        "mean_clv_prob_points": 0.7196413235995781,
        "mean_clv_prob_points_ci90_event_clustered": [
          -0.22819183122782274,
          1.7721145772158717
        ]
      },
      "10_plus": {
        "bets": 23,
        "pnl": 11.8123657771506,
        "roi": 0.5135811207456783,
        "roi_ci90_event_clustered": [
          0.2709313546846392,
          0.7650707956943573
        ],
        "clv_bets": 17,
        "mean_clv_prob_points": 0.5717338732364718,
        "mean_clv_prob_points_ci90_event_clustered": [
          0.011284311112113895,
          1.0750032352395804
        ]
      }
    }
  }
}